{
  "cl_metrics": {
    "accuracy": {
      "mean": 0.59902,
      "std": 0.0,
      "min": 0.59902,
      "max": 0.59902
    },
    "forgetting": {
      "mean": 0.36025555555555555,
      "std": 0.0,
      "min": 0.36025555555555555,
      "max": 0.36025555555555555
    },
    "bwt": {
      "mean": -0.36025555555555555,
      "std": 0.0,
      "min": -0.36025555555555555,
      "max": -0.36025555555555555
    },
    "fwt": {
      "mean": -0.09999999999999999,
      "std": 0.0,
      "min": -0.09999999999999999,
      "max": -0.09999999999999999
    },
    "plasticity": {
      "mean": 0.92325,
      "std": 0.0,
      "min": 0.92325,
      "max": 0.92325
    }
  },
  "accuracy_matrix": {
    "mean": [
      [
        0.9051,
        0.0,
        0.0,
        0.0,
        0.0,
        0.0,
        0.0,
        0.0,
        0.0,
        0.0
      ],
      [
        0.8635,
        0.9107,
        0.0,
        0.0,
        0.0,
        0.0,
        0.0,
        0.0,
        0.0,
        0.0
      ],
      [
        0.7127,
        0.8526,
        0.9229,
        0.0,
        0.0,
        0.0,
        0.0,
        0.0,
        0.0,
        0.0
      ],
      [
        0.7899,
        0.8149,
        0.8834,
        0.9168,
        0.0,
        0.0,
        0.0,
        0.0,
        0.0,
        0.0
      ],
      [
        0.7394,
        0.6844,
        0.8746,
        0.8773,
        0.9272,
        0.0,
        0.0,
        0.0,
        0.0,
        0.0
      ],
      [
        0.6856,
        0.612,
        0.8483,
        0.8146,
        0.9016,
        0.9221,
        0.0,
        0.0,
        0.0,
        0.0
      ],
      [
        0.6696,
        0.5309,
        0.723,
        0.7544,
        0.8577,
        0.8722,
        0.93,
        0.0,
        0.0,
        0.0
      ],
      [
        0.5474,
        0.489,
        0.6859,
        0.6883,
        0.7752,
        0.7864,
        0.8573,
        0.9287,
        0.0,
        0.0
      ],
      [
        0.4513,
        0.3868,
        0.465,
        0.564,
        0.6629,
        0.4965,
        0.7562,
        0.8813,
        0.9386,
        0.0
      ],
      [
        0.3604,
        0.3484,
        0.3668,
        0.5182,
        0.522,
        0.6071,
        0.7083,
        0.7676,
        0.861,
        0.9304
      ]
    ],
    "std": [
      [
        0.0,
        0.0,
        0.0,
        0.0,
        0.0,
        0.0,
        0.0,
        0.0,
        0.0,
        0.0
      ],
      [
        0.0,
        0.0,
        0.0,
        0.0,
        0.0,
        0.0,
        0.0,
        0.0,
        0.0,
        0.0
      ],
      [
        0.0,
        0.0,
        0.0,
        0.0,
        0.0,
        0.0,
        0.0,
        0.0,
        0.0,
        0.0
      ],
      [
        0.0,
        0.0,
        0.0,
        0.0,
        0.0,
        0.0,
        0.0,
        0.0,
        0.0,
        0.0
      ],
      [
        0.0,
        0.0,
        0.0,
        0.0,
        0.0,
        0.0,
        0.0,
        0.0,
        0.0,
        0.0
      ],
      [
        0.0,
        0.0,
        0.0,
        0.0,
        0.0,
        0.0,
        0.0,
        0.0,
        0.0,
        0.0
      ],
      [
        0.0,
        0.0,
        0.0,
        0.0,
        0.0,
        0.0,
        0.0,
        0.0,
        0.0,
        0.0
      ],
      [
        0.0,
        0.0,
        0.0,
        0.0,
        0.0,
        0.0,
        0.0,
        0.0,
        0.0,
        0.0
      ],
      [
        0.0,
        0.0,
        0.0,
        0.0,
        0.0,
        0.0,
        0.0,
        0.0,
        0.0,
        0.0
      ],
      [
        0.0,
        0.0,
        0.0,
        0.0,
        0.0,
        0.0,
        0.0,
        0.0,
        0.0,
        0.0
      ]
    ]
  },
  "computational_metrics": {
    "avg_task_time": {
      "mean": 89.99035954475403,
      "std": 0.0
    },
    "total_training_time": {
      "mean": 899.9035954475403,
      "std": 0.0
    }
  },
  "num_seeds": 1
}