{"cl_metrics": {"accuracy": {"mean": 0.7450399999999999, "min": 0.7450399999999999, "max": 0.7450399999999999}, "forgetting": {"mean": 0.2345777777777778, "min": 0.2345777777777778, "max": 0.2345777777777778}, "bwt": {"mean": -0.2345777777777778, "min": -0.2345777777777778, "max": -0.2345777777777778}, "fwt": {"mean": -0.09999999999999999, "min": -0.09999999999999999, "max": -0.09999999999999999}, "plasticity": {"mean": 0.95616, "min": 0.95616, "max": 0.95616}}, "accuracy_matrix": {"mean": [[0.9313, 0.0, 0.0, 0.0, 0.0, 0.0, 0.0, 0.0, 0.0, 0.0], [0.9167, 0.9456, 0.0, 0.0, 0.0, 0.0, 0.0, 0.0, 0.0, 0.0], [0.867, 0.9255, 0.9606, 0.0, 0.0, 0.0, 0.0, 0.0, 0.0, 0.0], [0.8529, 0.907, 0.9496, 0.953, 0.0, 0.0, 0.0, 0.0, 0.0, 0.0], [0.8477, 0.8436, 0.9343, 0.9313, 0.9603, 0.0, 0.0, 0.0, 0.0, 0.0], [0.7916, 0.8028, 0.8963, 0.9128, 0.9496, 0.9566, 0.0, 0.0, 0.0, 0.0], [0.7801, 0.718, 0.8298, 0.8853, 0.9349, 0.928, 0.9661, 0.0, 0.0, 0.0], [0.7277, 0.6329, 0.7468, 0.8429, 0.8965, 0.9078, 0.9446, 0.9614, 0.0, 0.0], [0.6664, 0.6138, 0.6216, 0.7592, 0.8381, 0.8157, 0.9058, 0.9242, 0.9674, 0.0], [0.5597, 0.4973, 0.523, 0.6847, 0.7459, 0.7958, 0.8617, 0.8802, 0.9428, 0.9593]]}, "computational_metrics": {"avg_task_time": {"mean": 233.89813709259033}, "total_training_time": {"mean": 2338.9813709259033}}, "num_seeds": 1}