{"cl_metrics": {"accuracy": {"mean": 0.70152, "min": 0.70152, "max": 0.70152}, "forgetting": {"mean": 0.28125555555555554, "min": 0.28125555555555554, "max": 0.28125555555555554}, "bwt": {"mean": -0.28125555555555554, "min": -0.28125555555555554, "max": -0.28125555555555554}, "fwt": {"mean": -0.09999999999999999, "min": -0.09999999999999999, "max": -0.09999999999999999}, "plasticity": {"mean": 0.95465, "min": 0.95465, "max": 0.95465}}, "accuracy_matrix": {"mean": [[0.9299, 0.0, 0.0, 0.0, 0.0, 0.0, 0.0, 0.0, 0.0, 0.0], [0.9125, 0.9394, 0.0, 0.0, 0.0, 0.0, 0.0, 0.0, 0.0, 0.0], [0.8571, 0.9168, 0.9574, 0.0, 0.0, 0.0, 0.0, 0.0, 0.0, 0.0], [0.8433, 0.9015, 0.9422, 0.9524, 0.0, 0.0, 0.0, 0.0, 0.0, 0.0], [0.8413, 0.847, 0.9228, 0.9265, 0.9614, 0.0, 0.0, 0.0, 0.0, 0.0], [0.7915, 0.8041, 0.8913, 0.9003, 0.9528, 0.9544, 0.0, 0.0, 0.0, 0.0], [0.7793, 0.6884, 0.8354, 0.8878, 0.9346, 0.9395, 0.9663, 0.0, 0.0, 0.0], [0.7418, 0.5726, 0.7438, 0.824, 0.8975, 0.9039, 0.9436, 0.9582, 0.0, 0.0], [0.6358, 0.492, 0.5151, 0.7136, 0.7784, 0.7734, 0.8975, 0.9284, 0.9668, 0.0], [0.6017, 0.3352, 0.4331, 0.6236, 0.6973, 0.6983, 0.8532, 0.8805, 0.932, 0.9603]]}, "computational_metrics": {"avg_task_time": {"mean": 166.56832373142242}, "total_training_time": {"mean": 1665.6832373142242}}, "num_seeds": 1}