{"cl_metrics": {"accuracy": {"mean": 0.61751, "min": 0.61751, "max": 0.61751}, "forgetting": {"mean": 0.3716555555555556, "min": 0.3716555555555556, "max": 0.3716555555555556}, "bwt": {"mean": -0.3716555555555556, "min": -0.3716555555555556, "max": -0.3716555555555556}, "fwt": {"mean": -0.09999999999999999, "min": -0.09999999999999999, "max": -0.09999999999999999}, "plasticity": {"mean": 0.952, "min": 0.952, "max": 0.952}}, "accuracy_matrix": {"mean": [[0.9287, 0.0, 0.0, 0.0, 0.0, 0.0, 0.0, 0.0, 0.0, 0.0], [0.9058, 0.9369, 0.0, 0.0, 0.0, 0.0, 0.0, 0.0, 0.0, 0.0], [0.8433, 0.9053, 0.9538, 0.0, 0.0, 0.0, 0.0, 0.0, 0.0, 0.0], [0.8247, 0.877, 0.9276, 0.9485, 0.0, 0.0, 0.0, 0.0, 0.0, 0.0], [0.8029, 0.786, 0.9041, 0.9192, 0.9562, 0.0, 0.0, 0.0, 0.0, 0.0], [0.7248, 0.7003, 0.8723, 0.892, 0.9495, 0.9521, 0.0, 0.0, 0.0, 0.0], [0.6204, 0.5163, 0.7252, 0.8421, 0.9074, 0.921, 0.9618, 0.0, 0.0, 0.0], [0.5977, 0.416, 0.643, 0.7604, 0.8453, 0.8739, 0.9386, 0.9582, 0.0, 0.0], [0.5349, 0.3909, 0.4986, 0.6202, 0.7447, 0.7681, 0.888, 0.9204, 0.9664, 0.0], [0.4179, 0.2982, 0.2976, 0.4817, 0.5956, 0.6247, 0.7576, 0.8319, 0.9125, 0.9574]]}, "computational_metrics": {"avg_task_time": {"mean": 117.24606974124909}, "total_training_time": {"mean": 1172.4606974124908}}, "num_seeds": 1}