{
  "cl_metrics": {
    "accuracy": {
      "mean": 0.46959999999999996,
      "std": 0.0,
      "min": 0.46959999999999996,
      "max": 0.46959999999999996
    },
    "forgetting": {
      "mean": 0.5231666666666667,
      "std": 0.0,
      "min": 0.5231666666666667,
      "max": 0.5231666666666667
    },
    "bwt": {
      "mean": -0.5231666666666667,
      "std": 0.0,
      "min": -0.5231666666666667,
      "max": -0.5231666666666667
    },
    "fwt": {
      "mean": -0.09999999999999999,
      "std": 0.0,
      "min": -0.09999999999999999,
      "max": -0.09999999999999999
    },
    "plasticity": {
      "mean": 0.94045,
      "std": 0.0,
      "min": 0.94045,
      "max": 0.94045
    }
  },
  "accuracy_matrix": {
    "mean": [
      [
        0.9195,
        0.0,
        0.0,
        0.0,
        0.0,
        0.0,
        0.0,
        0.0,
        0.0,
        0.0
      ],
      [
        0.8856,
        0.9231,
        0.0,
        0.0,
        0.0,
        0.0,
        0.0,
        0.0,
        0.0,
        0.0
      ],
      [
        0.7672,
        0.8683,
        0.939,
        0.0,
        0.0,
        0.0,
        0.0,
        0.0,
        0.0,
        0.0
      ],
      [
        0.7999,
        0.8267,
        0.8954,
        0.9354,
        0.0,
        0.0,
        0.0,
        0.0,
        0.0,
        0.0
      ],
      [
        0.7799,
        0.6724,
        0.8659,
        0.9016,
        0.9475,
        0.0,
        0.0,
        0.0,
        0.0,
        0.0
      ],
      [
        0.6666,
        0.5563,
        0.8223,
        0.8507,
        0.9333,
        0.941,
        0.0,
        0.0,
        0.0,
        0.0
      ],
      [
        0.5032,
        0.3648,
        0.5916,
        0.7303,
        0.8771,
        0.8953,
        0.9509,
        0.0,
        0.0,
        0.0
      ],
      [
        0.3345,
        0.3234,
        0.4542,
        0.5494,
        0.7296,
        0.8124,
        0.8977,
        0.9445,
        0.0,
        0.0
      ],
      [
        0.2432,
        0.2516,
        0.2515,
        0.3796,
        0.5254,
        0.5278,
        0.77,
        0.8456,
        0.955,
        0.0
      ],
      [
        0.1471,
        0.1589,
        0.1521,
        0.2647,
        0.3082,
        0.4569,
        0.6261,
        0.7455,
        0.8879,
        0.9486
      ]
    ],
    "std": [
      [
        0.0,
        0.0,
        0.0,
        0.0,
        0.0,
        0.0,
        0.0,
        0.0,
        0.0,
        0.0
      ],
      [
        0.0,
        0.0,
        0.0,
        0.0,
        0.0,
        0.0,
        0.0,
        0.0,
        0.0,
        0.0
      ],
      [
        0.0,
        0.0,
        0.0,
        0.0,
        0.0,
        0.0,
        0.0,
        0.0,
        0.0,
        0.0
      ],
      [
        0.0,
        0.0,
        0.0,
        0.0,
        0.0,
        0.0,
        0.0,
        0.0,
        0.0,
        0.0
      ],
      [
        0.0,
        0.0,
        0.0,
        0.0,
        0.0,
        0.0,
        0.0,
        0.0,
        0.0,
        0.0
      ],
      [
        0.0,
        0.0,
        0.0,
        0.0,
        0.0,
        0.0,
        0.0,
        0.0,
        0.0,
        0.0
      ],
      [
        0.0,
        0.0,
        0.0,
        0.0,
        0.0,
        0.0,
        0.0,
        0.0,
        0.0,
        0.0
      ],
      [
        0.0,
        0.0,
        0.0,
        0.0,
        0.0,
        0.0,
        0.0,
        0.0,
        0.0,
        0.0
      ],
      [
        0.0,
        0.0,
        0.0,
        0.0,
        0.0,
        0.0,
        0.0,
        0.0,
        0.0,
        0.0
      ],
      [
        0.0,
        0.0,
        0.0,
        0.0,
        0.0,
        0.0,
        0.0,
        0.0,
        0.0,
        0.0
      ]
    ]
  },
  "computational_metrics": {
    "avg_task_time": {
      "mean": 142.5142578601837,
      "std": 0.0
    },
    "total_training_time": {
      "mean": 1425.1425786018372,
      "std": 0.0
    }
  },
  "num_seeds": 1
}