{"cl_metrics": {"accuracy": {"mean": 0.8036, "min": 0.8036, "max": 0.8036}, "forgetting": {"mean": 0.17401111111111112, "min": 0.17401111111111112, "max": 0.17401111111111112}, "bwt": {"mean": -0.17401111111111112, "min": -0.17401111111111112, "max": -0.17401111111111112}, "fwt": {"mean": -0.09999999999999999, "min": -0.09999999999999999, "max": -0.09999999999999999}, "plasticity": {"mean": 0.96021, "min": 0.96021, "max": 0.96021}}, "accuracy_matrix": {"mean": [[0.9402, 0.0, 0.0, 0.0, 0.0, 0.0, 0.0, 0.0, 0.0, 0.0], [0.9266, 0.9531, 0.0, 0.0, 0.0, 0.0, 0.0, 0.0, 0.0, 0.0], [0.8996, 0.9359, 0.9653, 0.0, 0.0, 0.0, 0.0, 0.0, 0.0, 0.0], [0.8937, 0.9141, 0.9526, 0.9575, 0.0, 0.0, 0.0, 0.0, 0.0, 0.0], [0.872, 0.8677, 0.9319, 0.9358, 0.9638, 0.0, 0.0, 0.0, 0.0, 0.0], [0.8314, 0.841, 0.9002, 0.9214, 0.9549, 0.9593, 0.0, 0.0, 0.0, 0.0], [0.7918, 0.7504, 0.8395, 0.9034, 0.9354, 0.9434, 0.9688, 0.0, 0.0, 0.0], [0.7559, 0.6651, 0.8093, 0.8692, 0.8949, 0.9148, 0.9551, 0.9631, 0.0, 0.0], [0.6616, 0.6597, 0.7072, 0.8102, 0.8745, 0.8852, 0.9219, 0.9267, 0.9685, 0.0], [0.626, 0.559, 0.6676, 0.7785, 0.847, 0.8324, 0.8955, 0.9152, 0.9523, 0.9625]]}, "computational_metrics": {"avg_task_time": {"mean": 424.97358684539796}, "total_training_time": {"mean": 4249.7358684539795}}, "num_seeds": 1}