{"cl_metrics": {"accuracy": {"mean": 0.83628, "min": 0.83628, "max": 0.83628}, "forgetting": {"mean": 0.13906666666666664, "min": 0.13906666666666664, "max": 0.13906666666666664}, "bwt": {"mean": -0.13906666666666664, "min": -0.13906666666666664, "max": -0.13906666666666664}, "fwt": {"mean": -0.09999999999999999, "min": -0.09999999999999999, "max": -0.09999999999999999}, "plasticity": {"mean": 0.96144, "min": 0.96144, "max": 0.96144}}, "accuracy_matrix": {"mean": [[0.9442, 0.0, 0.0, 0.0, 0.0, 0.0, 0.0, 0.0, 0.0, 0.0], [0.9284, 0.955, 0.0, 0.0, 0.0, 0.0, 0.0, 0.0, 0.0, 0.0], [0.8987, 0.9379, 0.9663, 0.0, 0.0, 0.0, 0.0, 0.0, 0.0, 0.0], [0.8954, 0.929, 0.9565, 0.9603, 0.0, 0.0, 0.0, 0.0, 0.0, 0.0], [0.8701, 0.8901, 0.9333, 0.9324, 0.9672, 0.0, 0.0, 0.0, 0.0, 0.0], [0.8249, 0.8613, 0.9139, 0.9095, 0.958, 0.9589, 0.0, 0.0, 0.0, 0.0], [0.7978, 0.8144, 0.8583, 0.8849, 0.9386, 0.945, 0.9679, 0.0, 0.0, 0.0], [0.7609, 0.7774, 0.852, 0.8623, 0.9153, 0.9272, 0.9575, 0.9646, 0.0, 0.0], [0.6631, 0.7776, 0.7796, 0.8473, 0.8976, 0.8961, 0.9188, 0.9408, 0.9678, 0.0], [0.6472, 0.698, 0.77, 0.8119, 0.8549, 0.8422, 0.9081, 0.916, 0.9523, 0.9622]]}, "computational_metrics": {"avg_task_time": {"mean": 1264.3891382932663}, "total_training_time": {"mean": 12643.891382932663}}, "num_seeds": 1}