{"cl_metrics": {"accuracy": {"mean": 0.44616999999999996, "min": 0.44616999999999996, "max": 0.44616999999999996}, "forgetting": {"mean": 0.5588000000000001, "min": 0.5588000000000001, "max": 0.5588000000000001}, "bwt": {"mean": -0.5588000000000001, "min": -0.5588000000000001, "max": -0.5588000000000001}, "fwt": {"mean": -0.09999999999999999, "min": -0.09999999999999999, "max": -0.09999999999999999}, "plasticity": {"mean": 0.94909, "min": 0.94909, "max": 0.94909}}, "accuracy_matrix": {"mean": [[0.926, 0.0, 0.0, 0.0, 0.0, 0.0, 0.0, 0.0, 0.0, 0.0], [0.9004, 0.9341, 0.0, 0.0, 0.0, 0.0, 0.0, 0.0, 0.0, 0.0], [0.8454, 0.8947, 0.9503, 0.0, 0.0, 0.0, 0.0, 0.0, 0.0, 0.0], [0.8131, 0.8583, 0.9214, 0.9452, 0.0, 0.0, 0.0, 0.0, 0.0, 0.0], [0.775, 0.6796, 0.9005, 0.9105, 0.9554, 0.0, 0.0, 0.0, 0.0, 0.0], [0.6913, 0.5882, 0.8382, 0.8701, 0.9412, 0.9501, 0.0, 0.0, 0.0, 0.0], [0.4955, 0.3911, 0.6391, 0.7709, 0.8795, 0.9086, 0.9576, 0.0, 0.0, 0.0], [0.3438, 0.3315, 0.5238, 0.614, 0.7848, 0.8341, 0.9163, 0.9544, 0.0, 0.0], [0.2422, 0.2389, 0.3173, 0.4806, 0.6204, 0.5349, 0.8136, 0.8812, 0.9612, 0.0], [0.1055, 0.0997, 0.1835, 0.3052, 0.3549, 0.273, 0.6009, 0.6917, 0.8907, 0.9566]]}, "computational_metrics": {"avg_task_time": {"mean": 83.35299425125122}, "total_training_time": {"mean": 833.5299425125122}}, "num_seeds": 1}